Batch,Acc_Before,Acc_After,Baseline
2,86.43092105263158,86.43092105263158,0.23423328292311021
3,74.86979166666667,66.86197916666667,-0.07134781281153361
4,58.59375,61.71875,-0.15076030045747757
5,34.895833333333336,34.895833333333336,-0.17501421769460043
6,44.82142857142857,45.089285714285715,-0.21264638006687164
7,34.486607142857146,34.23549107142857,-0.24184193213780722
8,9.765625,9.765625,-0.22735964506864548
9,12.723214285714286,12.946428571428571,-0.25057091812292737
10,24.553571428571427,22.935267857142858,-0.2729071080684662
