Batch,Acc_Before,Acc_After,Baseline
2,84.04605263157895,89.47368421052632,-0.3179485748211543
3,83.72395833333333,83.59375,-0.6079951723416647
4,57.8125,57.03125,-1.0204585790634155
5,73.95833333333333,75.0,-1.3969706694285076
6,77.1875,72.85714285714286,-1.7177730997403462
7,59.402901785714285,57.36607142857143,-1.983135998249054
8,38.671875,38.671875,-2.3768893480300903
9,45.089285714285715,45.089285714285715,-2.8159983158111572
10,39.78794642857143,37.44419642857143,-3.8856913646062217
